Context_space	DIH_metric	Taxorg_method	Graph_threshold	edge_p	edge_r	edge_f1	ancestor_p	ancestor_r	ancetor_f1	
../step2/entityID2contexts.txt	weeds_prec	NoCyc	0.01	0.2158273381294964	0.46511627906976744	0.29484029484029484	0.21388367729831145	0.3413173652694611	0.26297577854671284	
../step2/entityID2contexts.txt	weeds_prec	DMST	0.01	0.2702702702702703	0.15503875968992248	0.19704433497536944	0.22826086956521738	0.12574850299401197	0.16216216216216214	
../step2/entityID2contexts.txt	clarkeDE	NoCyc	0.01	0.21428571428571427	0.46511627906976744	0.2933985330073349	0.20917431192660552	0.3413173652694611	0.25938566552901027	
../step2/entityID2contexts.txt	clarkeDE	DMST	0.01	0.2714285714285714	0.14728682170542637	0.19095477386934676	0.2733333333333333	0.12275449101796407	0.16942148760330578	
../step2/entityID2contexts.txt	invCL	NoCyc	0.01	0.1942675159235669	0.4728682170542636	0.27539503386004516	0.17739628040057226	0.3712574850299401	0.24007744433688286	
../step2/entityID2contexts.txt	invCL	DMST	0.01	0.19791666666666666	0.29457364341085274	0.2367601246105919	0.025406967898980677	0.5	0.04835673953959751	
